{
	"events": [
		{
			"action": "join",
			"character": "character-1627874810.json",
			"event_id": "dialogic_002",
			"mirror": false,
			"portrait": "Default",
			"position": {
				"0": false,
				"1": false,
				"2": true,
				"3": false,
				"4": false
			}
		},
		{
			"character": "character-1627874810.json",
			"event_id": "dialogic_001",
			"portrait": "",
			"text": "Each protien shake includes exactly three of five [color=#FF0000]ingredients[/color] and no two shakes are exactly alike\nThe five [color=#FF0000]ingredients[/color] used are: [color=#FF0000]Protein Powder[/color], [color=#FF0000]E-Girl Bathwater[/color], [color=#FF0000]Screams of the Unholy[/color], [color=#FF0000]Blood of a Virgin[/color], and [color=#FF0000]Pistachios[/color]\nAdditionally, each [color=#FF0000]ingredient[/color] has a unique, exclusive [color=#0000FF]quality[/color]: [color=#0000FF]Acidic[/color], [color=#0000FF]Alkaline[/color], [color=#0000FF]Absorbant[/color], [color=#0000FF]Poison[/color], and [color=#0000FF]Tasty[/color]\n\"Your goal is to find which [color=#00FF00]blender[/color] holds [rainbow freq=0.2 sat=10 val=20]The Perfect Protein Shake[/rainbow][color=#FF0000] and what [color=#FF0000]ingredients[/color] were used\nThere are some notes on the table over there and I left some notes with the others around this hotel"
		},
		{
			"event_id": "dialogic_022",
			"transition_duration": 1
		}
	],
	"metadata": {
		"dialogic-version": "1.2.5",
		"file": "timeline-1627891286.json",
		"name": "gareth_2"
	}
}
