{
	"events": [
		{
			"action": "join",
			"character": "character-1627691111.json",
			"event_id": "dialogic_002",
			"mirror": false,
			"portrait": "Default",
			"position": {
				"0": false,
				"1": false,
				"2": true,
				"3": false,
				"4": false
			}
		},
		{
			"character": "character-1627691111.json",
			"event_id": "dialogic_001",
			"portrait": "",
			"text": "...\noh\nit's locked"
		},
		{
			"character": "character-1627691111.json",
			"event_id": "dialogic_001",
			"portrait": "flipv",
			"text": "why did i even allow myself to fathom the possibility that it might be this easy"
		},
		{
			"character": "character-1627691111.json",
			"event_id": "dialogic_001",
			"portrait": "Default",
			"text": "oh well. krita kylie probably has a key, i should ask her"
		},
		{
			"event_id": "dialogic_022",
			"transition_duration": 1
		}
	],
	"metadata": {
		"dialogic-version": "1.2.5",
		"file": "timeline-1628178402.json",
		"name": "roof"
	}
}
