{
	"events": [
		{
			"action": "join",
			"character": "character-1627691111.json",
			"event_id": "dialogic_002",
			"mirror": false,
			"portrait": "",
			"position": {
				"0": false,
				"1": false,
				"2": true,
				"3": false,
				"4": false
			}
		},
		{
			"character": "character-1627691111.json",
			"event_id": "dialogic_001",
			"portrait": "Default",
			"text": "it looks like there's a normal bathroom in there\nyes indeed. a very normal bathroom\nthis bathroom doesn't look anything like a magic space portal"
		},
		{
			"character": "character-1627691111.json",
			"event_id": "dialogic_001",
			"portrait": "flipv",
			"text": "not that i would expect this bathroom to look like a magic space portal"
		},
		{
			"character": "character-1627691111.json",
			"event_id": "dialogic_001",
			"portrait": "Default",
			"text": "but hypothetically... if this bathroom were a magic space portal..\n(which it most likely isn't)\nit doesn't look anything like one"
		},
		{
			"character": "character-1627691111.json",
			"event_id": "dialogic_001",
			"portrait": "flipv",
			"text": "so it's probably just a normal bathroom"
		},
		{
			"character": "character-1627691111.json",
			"event_id": "dialogic_001",
			"portrait": "Default",
			"text": "yeah"
		},
		{
			"event_id": "dialogic_022",
			"transition_duration": 1
		}
	],
	"metadata": {
		"dialogic-version": "1.2.5",
		"file": "timeline-1628043840.json",
		"name": "wc_101"
	}
}
