{
	"events": [
		{
			"action": "join",
			"character": "character-1627693528.json",
			"event_id": "dialogic_002",
			"mirror": false,
			"portrait": "Default",
			"position": {
				"0": false,
				"1": false,
				"2": false,
				"3": true,
				"4": false
			}
		},
		{
			"character": "character-1627693528.json",
			"event_id": "dialogic_001",
			"portrait": "Default",
			"text": "Hi Microsoft Paint Michael"
		},
		{
			"action": "join",
			"character": "character-1627691111.json",
			"event_id": "dialogic_002",
			"mirror": false,
			"portrait": "Default",
			"position": {
				"0": false,
				"1": true,
				"2": false,
				"3": false,
				"4": false
			}
		},
		{
			"character": "character-1627691111.json",
			"event_id": "dialogic_001",
			"portrait": "Default",
			"text": "hi krita kylie"
		},
		{
			"character": "character-1627693528.json",
			"event_id": "dialogic_001",
			"portrait": "",
			"text": "How may I help you?"
		},
		{
			"character": "character-1627691111.json",
			"event_id": "dialogic_001",
			"portrait": "",
			"text": "two bald men in spandex blew a hole in my wall"
		},
		{
			"character": "character-1627693528.json",
			"event_id": "dialogic_001",
			"portrait": "",
			"text": "Oh no"
		},
		{
			"character": "character-1627691111.json",
			"event_id": "dialogic_001",
			"portrait": "",
			"text": "yeah\ni thought i should let you know"
		},
		{
			"character": "character-1627693528.json",
			"event_id": "dialogic_001",
			"portrait": "",
			"text": "How thoughtful of you"
		},
		{
			"character": "character-1627691111.json",
			"event_id": "dialogic_001",
			"portrait": "",
			"text": "are you going to do anything about it?"
		},
		{
			"character": "character-1627693528.json",
			"event_id": "dialogic_001",
			"portrait": "Sad",
			"text": "Here's a $5 coupon for compensation"
		},
		{
			"character": "character-1627691111.json",
			"event_id": "dialogic_001",
			"portrait": "flipv",
			"text": "ok"
		},
		{
			"character": "character-1627691111.json",
			"event_id": "dialogic_001",
			"portrait": "Default",
			"text": "thanks"
		},
		{
			"action": "leaveall",
			"character": "character-1627693528.json",
			"event_id": "dialogic_003"
		},
		{
			"event_id": "dialogic_023",
			"wait_seconds": 0.5
		},
		{
			"character": "character-1627691111.json",
			"event_id": "dialogic_001",
			"portrait": "",
			"text": "i guess i'll just return to my room then"
		}
	],
	"metadata": {
		"dialogic-version": "1.2.5",
		"file": "timeline-1627720672.json",
		"name": "krita_kylie_2"
	}
}
