{
	"events": [
		{
			"action": "join",
			"character": "character-1627691111.json",
			"event_id": "dialogic_002",
			"mirror": false,
			"portrait": "",
			"position": {
				"0": false,
				"1": true,
				"2": false,
				"3": false,
				"4": false
			}
		},
		{
			"character": "character-1627691111.json",
			"event_id": "dialogic_001",
			"portrait": "",
			"text": "hi notepad++ natalie"
		},
		{
			"action": "join",
			"character": "character-1628030516.json",
			"event_id": "dialogic_002",
			"mirror": false,
			"portrait": "",
			"position": {
				"0": false,
				"1": false,
				"2": false,
				"3": true,
				"4": false
			}
		},
		{
			"character": "character-1628030516.json",
			"event_id": "dialogic_001",
			"portrait": "",
			"text": "Hi Microsoft Paint Michael ^_^"
		},
		{
			"character": "character-1627691111.json",
			"event_id": "dialogic_001",
			"portrait": "",
			"text": "could i see graphicsgale gareth's notes?"
		},
		{
			"character": "character-1628030516.json",
			"event_id": "dialogic_001",
			"portrait": "",
			"text": "Sure!\n\"Each protien shake includes exactly three of five [color=#FF0000]ingredients[/color] and no two shakes are exactly alike\"\n\"The five [color=#FF0000]ingredients[/color] used are: [color=#FF0000]Protein Powder[/color], [color=#FF0000]E-Girl Bathwater[/color], [color=#FF0000]Screams of the Unholy[/color], [color=#FF0000]Blood of a Virgin[/color], and [color=#FF0000]Pistachios[/color]\"\n\"Additionally, each [color=#FF0000]ingredient[/color] has a unique, exclusive [color=#0000FF]quality[/color]: [color=#0000FF]Acidic[/color], [color=#0000FF]Alkaline[/color], [color=#0000FF]Absorbant[/color], [color=#0000FF]Poison[/color], and [color=#0000FF]Tasty[/color]\"\n\"Your goal is to find which [color=#00FF00]blender[/color] holds [rainbow freq=0.2 sat=10 val=20]The Perfect Protein Shake [/rainbow] and what [color=#FF0000]ingredients[/color] were used\"\n\"A protein shake with both the [color=#0000FF]Acidic[/color] and [color=#0000FF]Alkaline[/color] ingredient will explode unless the [color=#0000FF]Absorbant[/color] is also used\"\n\"A protein shake with the [color=#0000FF]Tasty[/color] ingredient will taste delicious\"\n\"A protein shake with the [color=#0000FF]Poison[/color] ingredient will be poisonous\"\n\"Shake [color=#00FF00]7[/color] has the [color=#0000FF]Alkaline[/color] ingredient\"\n\"The [color=#0000FF]Poison[/color] is either the [color=#FF0000]E-Girl Bathwater[/color] or the [color=#FF0000]Blood of a Virgin[/color]\"\n\"Shake [color=#00FF00]6[/color] does not contain the [color=#0000FF]Absorbant[/color]\"\n\"Shake [color=#00FF00]9[/color] contains [color=#FF0000]E-Girl Bathwater[/color]\"\n\"Shakes [color=#00FF00]8[/color] and [color=#00FF00]10[/color] [color=#0000FF]taste[/color] delicious\"\n\"Shakes [color=#00FF00]4[/color], [color=#00FF00]6[/color], and [color=#00FF00]10[/color] contain [color=#FF0000]Screams of the Unholy[/color]\"\n\"Shakes [color=#00FF00]1[/color] and [color=#00FF00]4[/color] contain [color=#FF0000]Protein Powder[/color]\"\n\"Shakes [color=#00FF00]3[/color] and [color=#00FF00]7[/color] share two [color=#FF0000]ingredients[/color], neither [color=#0000FF]taste[/color] very good\"\n\"Shakes [color=#00FF00]4[/color] and [color=#00FF00]5[/color] share only one [color=#FF0000]ingredient[/color]\"\n\"[rainbow freq=0.2 sat=10 val=20]The Perfect Protein Shake[/rainbow] is not [color=#0000FF]poisonous[/color] and [color=#0000FF]tastes[/color] delicious\"\n\"[rainbow freq=0.2 sat=10 val=20]The Perfect Protein Shake[/rainbow] has either [color=#FF0000]Screams of the Unholy[/color] or [color=#FF0000]Blood of a Virgin[/color] but not both\"\nThat's all ^_^"
		},
		{
			"character": "character-1627691111.json",
			"event_id": "dialogic_001",
			"portrait": "",
			"text": "ok thanks"
		},
		{
			"event_id": "dialogic_022",
			"transition_duration": 1
		}
	],
	"metadata": {
		"dialogic-version": "1.2.5",
		"file": "timeline-1628034730.json",
		"name": "natalie_clues_gilbert"
	}
}
