{
	"events": [
		{
			"action": "join",
			"character": "character-1627691111.json",
			"event_id": "dialogic_002",
			"mirror": false,
			"portrait": "Default",
			"position": {
				"0": false,
				"1": true,
				"2": false,
				"3": false,
				"4": false
			}
		},
		{
			"character": "character-1627691111.json",
			"event_id": "dialogic_001",
			"portrait": "Default",
			"text": "hi notepad++ natalie"
		},
		{
			"action": "join",
			"character": "character-1628030516.json",
			"event_id": "dialogic_002",
			"mirror": false,
			"portrait": "",
			"position": {
				"0": false,
				"1": false,
				"2": false,
				"3": true,
				"4": false
			}
		},
		{
			"character": "character-1628030516.json",
			"event_id": "dialogic_001",
			"portrait": "",
			"text": "Hi Microsoft Paint Michael ^_^"
		},
		{
			"character": "character-1627691111.json",
			"event_id": "dialogic_001",
			"portrait": "",
			"text": "do you know graphicgale gareth?"
		},
		{
			"character": "character-1628030516.json",
			"event_id": "dialogic_001",
			"portrait": "",
			"text": "I sure do! \\(^o ^)\\"
		},
		{
			"character": "character-1627691111.json",
			"event_id": "dialogic_001",
			"portrait": "",
			"text": "did he perhaps run around down here screaming about killing god?"
		},
		{
			"character": "character-1628030516.json",
			"event_id": "dialogic_001",
			"portrait": "",
			"text": "He did that very thing! /(O.O)\\"
		},
		{
			"character": "character-1627691111.json",
			"event_id": "dialogic_001",
			"portrait": "",
			"text": "and he left some notes with you?"
		},
		{
			"character": "character-1628030516.json",
			"event_id": "dialogic_001",
			"portrait": "",
			"text": "Very much so, yes! :D"
		},
		{
			"character": "character-1627691111.json",
			"event_id": "dialogic_001",
			"portrait": "",
			"text": "may i see them?"
		},
		{
			"character": "character-1628030516.json",
			"event_id": "dialogic_001",
			"portrait": "",
			"text": "Of course you may ^_^\n\"Shakes [color=#00FF00]1[/color] and [color=#00FF00]4[/color] contain [color=#FF0000]Protein Powder[/color]\"\n\"Shakes [color=#00FF00]3[/color] and [color=#00FF00]7[/color] share two [color=#FF0000]ingredients[/color], neither [color=#0000FF]taste[/color] very good\"\n\"Shakes [color=#00FF00]4[/color] and [color=#00FF00]5[/color] share only one [color=#FF0000]ingredient[/color]\"\n\"[rainbow freq=0.2 sat=10 val=20]The Perfect Protein Shake[/rainbow] is not [color=#0000FF]poisonous[/color] and [color=#0000FF]tastes[/color] delicious\"\n\"[rainbow freq=0.2 sat=10 val=20]The Perfect Protein Shake[/rainbow] has either [color=#FF0000]Screams of the Unholy[/color] or [color=#FF0000]Blood of a Virgin[/color] but not both\"\nThat's all ^_^\nI also have the notes from everyone else you've talked to. In case you need a reminder"
		},
		{
			"character": "character-1627691111.json",
			"event_id": "dialogic_001",
			"portrait": "",
			"text": "ok thanks"
		},
		{
			"event_id": "dialogic_022",
			"transition_duration": 1
		}
	],
	"metadata": {
		"dialogic-version": "1.2.5",
		"file": "timeline-1628031025.json",
		"name": "natalie_clues"
	}
}
