{
	"events": [
		{
			"action": "join",
			"character": "character-1627691111.json",
			"event_id": "dialogic_002",
			"mirror": false,
			"portrait": "Default",
			"position": {
				"0": false,
				"1": true,
				"2": false,
				"3": false,
				"4": false
			}
		},
		{
			"character": "character-1627691111.json",
			"event_id": "dialogic_001",
			"portrait": "Default",
			"text": "a bag of pistachios fell out\ndo 'shelled pistachios' still have shells?\nor is 'shelled' being used as the verb 'to remove pistachio shells'\nwould that mean that 'unshelled pistachios' have shells despite the 'un' prefix giving a negative force to its adjective and derivative adverb\n.....\nthese pistachios still have shells on them"
		},
		{
			"event_id": "dialogic_022",
			"transition_duration": 1
		}
	],
	"metadata": {
		"dialogic-version": "1.2.5",
		"file": "timeline-1627799951.json",
		"name": "puzzle_solved"
	}
}
