{
	"files": [

	],
	"folders": {
		"Characters": {
			"files": [
				"character-1627691111.json",
				"character-1627693528.json",
				"character-1627718828.json",
				"character-1627719882.json",
				"character-1627874810.json",
				"character-1627978943.json",
				"character-1628023775.json",
				"character-1628030516.json",
				"character-1628051492.json"
			],
			"folders": {

			},
			"metadata": {
				"color": null,
				"folded": false
			}
		},
		"Definitions": {
			"files": [

			],
			"folders": {

			},
			"metadata": {
				"color": null,
				"folded": false
			}
		},
		"Themes": {
			"files": [
				"theme-1627691628.cfg"
			],
			"folders": {

			},
			"metadata": {
				"color": null,
				"folded": false
			}
		},
		"Timelines": {
			"files": [
				"timeline-1627692931.json",
				"timeline-1627717870.json",
				"timeline-1627718274.json",
				"timeline-1627720672.json",
				"timeline-1627767629.json",
				"timeline-1627767950.json",
				"timeline-1627769676.json",
				"timeline-1627771564.json",
				"timeline-1627775344.json",
				"timeline-1627799951.json",
				"timeline-1627860212.json",
				"timeline-1627860219.json",
				"timeline-1627860374.json",
				"timeline-1627860843.json",
				"timeline-1627870371.json",
				"timeline-1627891286.json",
				"timeline-1627942356.json",
				"timeline-1627942557.json",
				"timeline-1627969035.json",
				"timeline-1627979654.json",
				"timeline-1628023268.json",
				"timeline-1628024677.json",
				"timeline-1628025228.json",
				"timeline-1628025663.json",
				"timeline-1628028231.json",
				"timeline-1628031013.json",
				"timeline-1628031025.json",
				"timeline-1628031885.json",
				"timeline-1628034707.json",
				"timeline-1628034730.json",
				"timeline-1628034738.json",
				"timeline-1628043840.json",
				"timeline-1628058360.json",
				"timeline-1628062345.json",
				"timeline-1628067865.json",
				"timeline-1628112785.json",
				"timeline-1628117915.json",
				"timeline-1628121022.json",
				"timeline-1628121926.json",
				"timeline-1628125738.json",
				"timeline-1628128738.json",
				"timeline-1628178402.json",
				"timeline-1628179458.json",
				"timeline-1628180632.json",
				"timeline-1628185915.json"
			],
			"folders": {

			},
			"metadata": {
				"color": null,
				"folded": false
			}
		}
	}
}
