{
	"color": "#ff000000",
	"description": "",
	"display_name": "",
	"display_name_bool": false,
	"id": "character-1627693528.json",
	"mirror_portraits": false,
	"name": "Krita Kylie",
	"nickname": "",
	"nickname_bool": false,
	"offset_x": 0,
	"offset_y": -190,
	"portraits": [
		{
			"name": "Default",
			"path": "res://Assets/kylie_portrait.png"
		},
		{
			"name": "Sad",
			"path": "res://Assets/kylie_portrait_sad.png"
		},
		{
			"name": "Shake",
			"path": "res://Assets/kylie_portrait_shake.png"
		},
		{
			"name": "UUUH",
			"path": "res://Assets/kylie_portrait_uuu.png"
		},
		{
			"name": "Smile",
			"path": "res://Assets/kylie_portrait_smile.png"
		}
	],
	"scale": 100
}
