{
	"color": "#ff000000",
	"description": "",
	"display_name": "",
	"display_name_bool": false,
	"id": "character-1627978943.json",
	"mirror_portraits": false,
	"name": "Aseprite Alex",
	"nickname": "",
	"nickname_bool": false,
	"offset_x": 0,
	"offset_y": -200,
	"portraits": [
		{
			"name": "Default",
			"path": "res://Assets/alex_portrait.png"
		},
		{
			"name": "Gosh",
			"path": "res://Assets/alex_portrait_gosh.png"
		},
		{
			"name": "Sculpt",
			"path": "res://Assets/alex_portrait_sculpt.png"
		}
	],
	"scale": 400
}
